Time, Trial Number, Study Part, Sample, Illusion Sample, Sole A, Sole B, Sole C, Sole D, Sole E, Sole F, Total, No Touch
0.0025923,1,ScalingUp,1.54,False,0,0,0,0,0,0,0,1
0.0072414,1,ScalingUp,1.54,False,0,0,0,0,0,0,0,1
0.010013,1,ScalingUp,1.54,False,0,0,0,0,0,0,0,1
0.0127463,1,ScalingUp,1.54,False,0,0,0,0,0,0,0,1
0.0151803,1,ScalingUp,1.54,False,0,0,0,0,0,0,0,1
0.0177213,1,ScalingUp,1.54,False,0,0,0,0,0,0,0,1
0.0200734,1,ScalingUp,1.54,False,0,0,0,0,0,0,0,1
0.0233869,1,ScalingUp,1.54,False,0,0,0,0,0,0,0,1
0.0266689,1,ScalingUp,1.54,False,0,0,0,0,0,0,0,1
0.0293407,1,ScalingUp,1.54,False,0,0,0,0,0,0,0,1
0.032726,1,ScalingUp,1.54,False,0,0,0,0,0,0,0,1
0.0352722,1,ScalingUp,1.54,False,0,0,0,0,0,0,0,1
0.0375778,1,ScalingUp,1.54,False,0,0,0,0,0,0,0,1
0.0400327,1,ScalingUp,1.54,False,0,0,0,0,0,0,0,1
0.0427658,1,ScalingUp,1.54,False,0,0,0,0,0,0,0,1
0.0455218,1,ScalingUp,1.54,False,0,0,0,0,0,0,0,1
0.0480786,1,ScalingUp,1.54,False,0,0,0,0,0,0,0,1
0.0504463,1,ScalingUp,1.54,False,0,0,0,0,0,0,0,1
0.0526984,1,ScalingUp,1.54,False,0,0,0,0,0,0,0,1
0.0553665,1,ScalingUp,1.54,False,0,0,0,0,0,0,0,1
0.05805571,1,ScalingUp,1.54,False,0,0,0,0,0,0,0,1
0.06087891,1,ScalingUp,1.54,False,0,0,0,0,0,0,0,1
0.06380331,1,ScalingUp,1.54,False,0,0,0,0,0,0,0,1
0.07911801,1,ScalingUp,1.54,False,0,0,0,0,0,0,0,1
0.08203661,1,ScalingUp,1.54,False,0,0,0,0,0,0,0,1
0.0850402,1,ScalingUp,1.54,False,0,0,0,0,0,0,0,1
0.0875041,1,ScalingUp,1.54,False,0,0,0,0,0,0,0,1
0.09210341,1,ScalingUp,1.54,False,0,0,0,0,0,0,0,1
0.09478991,1,ScalingUp,1.54,False,0,0,0,0,0,0,0,1
0.097371,1,ScalingUp,1.54,False,0,0,0,0,0,0,0,1
0.1005447,1,ScalingUp,1.54,False,0,0,0,0,0,0,0,1
0.10316,1,ScalingUp,1.54,False,0,0,0,0,0,0,0,1
0.1059024,1,ScalingUp,1.54,False,0,0,0,0,0,0,0,1
0.1086657,1,ScalingUp,1.54,False,0,0,0,0,0,0,0,1
0.110977,1,ScalingUp,1.54,False,0,0,0,0,0,0,0,1
0.1134129,1,ScalingUp,1.54,False,0,0,0,0,0,0,0,1
0.1161866,1,ScalingUp,1.54,False,0,0,0,0,0,0,0,1
0.118736,1,ScalingUp,1.54,False,0,0,0,0,0,0,0,1
0.1218659,1,ScalingUp,1.54,False,0,0,0,0,0,0,0,1
0.1254001,1,ScalingUp,1.54,False,0,0,0,0,0,0,0,1
0.1284128,1,ScalingUp,1.54,False,0,0,0,0,0,0,0,1
0.1311267,1,ScalingUp,1.54,False,0,0,0,0,0,0,0,1
0.1336543,1,ScalingUp,1.54,False,0,0,0,0,0,0,0,1
0.1382435,1,ScalingUp,1.54,False,0,0,0,0,0,0,0,1
0.1407759,1,ScalingUp,1.54,False,0,0,0,0,0,0,0,1
0.1446126,1,ScalingUp,1.54,False,0,0,0,0,0,0,0,1
0.1471899,1,ScalingUp,1.54,False,0,0,0,0,0,0,0,1
0.1495983,1,ScalingUp,1.54,False,0,0,0,0,0,0,0,1
0.1522916,1,ScalingUp,1.54,False,0,0,0,0,0,0,0,1
0.1551171,1,ScalingUp,1.54,False,0,0,0,0,0,0,0,1
0.1577293,1,ScalingUp,1.54,False,0,0,0,0,0,0,0,1
0.1600217,1,ScalingUp,1.54,False,0,0,0,0,0,0,0,1
0.162475,1,ScalingUp,1.54,False,0,0,0,0,0,0,0,1
0.16503,1,ScalingUp,1.54,False,0,0,0,0,0,0,0,1
0.1686598,1,ScalingUp,1.54,False,0,0,0,0,0,0,0,1
0.1715954,1,ScalingUp,1.54,False,0,0,0,0,0,0,0,1
0.1741236,1,ScalingUp,1.54,False,0,0,0,0,0,0,0,1
0.1765096,1,ScalingUp,1.54,False,0,0,0,0,0,0,0,1
0.1788794,1,ScalingUp,1.54,False,0,0,0,0,0,0,0,1
0.1812766,1,ScalingUp,1.54,False,0,0,0,0,0,0,0,1
0.1841288,1,ScalingUp,1.54,False,0,0,0,0,0,0,0,1
0.1868418,1,ScalingUp,1.54,False,0,0,0,0,0,0,0,1
0.1893012,1,ScalingUp,1.54,False,0,0,0,0,0,0,0,1
0.1917163,1,ScalingUp,1.54,False,0,0,0,0,0,0,0,1
0.1941135,1,ScalingUp,1.54,False,0,0,0,0,0,0,0,1
0.1965292,1,ScalingUp,1.54,False,0,0,0,0,0,0,0,1
0.1998014,1,ScalingUp,1.54,False,0,0,0,0,0,0,0,1
0.2026874,1,ScalingUp,1.54,False,0,0,0,0,0,0,0,1
0.2055875,1,ScalingUp,1.54,False,0,0,0,0,0,0,0,1
0.2079663,1,ScalingUp,1.54,False,0,0,0,0,0,0,0,1
0.2103525,1,ScalingUp,1.54,False,0,0,0,0,0,0,0,1
0.2127099,1,ScalingUp,1.54,False,0,0,0,0,0,0,0,1
0.2157451,1,ScalingUp,1.54,False,0,0,0,0,0,0,0,1
0.2346507,1,ScalingUp,1.54,False,0,0,0,0,0,0,0,1
0.2378695,1,ScalingUp,1.54,False,0,0,0,0,0,0,0,1
0.2405017,1,ScalingUp,1.54,False,0,0,0,0,0,0,0,1
0.2431711,1,ScalingUp,1.54,False,0,0,0,0,0,0,0,1
0.2464852,1,ScalingUp,1.54,False,0,0,0,0,0,0,0,1
0.249249,1,ScalingUp,1.54,False,0,0,0,0,0,0,0,1
0.2519441,1,ScalingUp,1.54,False,0,0,0,0,0,0,0,1
0.2544127,1,ScalingUp,1.54,False,0,0,0,0,0,0,0,1
0.2568922,1,ScalingUp,1.54,False,0,0,0,0,0,0,0,1
0.2601432,1,ScalingUp,1.54,False,0,0,0,0,0,0,0,1
0.2628999,1,ScalingUp,1.54,False,0,0,0,0,0,0,0,1
0.2658116,1,ScalingUp,1.54,False,0,0,0,0,0,0,0,1
0.2681677,1,ScalingUp,1.54,False,0,0,0,0,0,0,0,1
0.2704938,1,ScalingUp,1.54,False,0,0,0,0,0,0,0,1
0.2728567,1,ScalingUp,1.54,False,0,0,0,0,0,0,0,1
0.2751611,1,ScalingUp,1.54,False,0,0,0,0,0,0,0,1
0.2781417,1,ScalingUp,1.54,False,0,0,0,0,0,0,0,1
0.2805588,1,ScalingUp,1.54,False,0,0,0,0,0,0,0,1
0.2833006,1,ScalingUp,1.54,False,0,0,0,0,0,0,0,1
0.2857561,1,ScalingUp,1.54,False,0,0,0,0,0,0,0,1
0.2882133,1,ScalingUp,1.54,False,0,0,0,0,0,0,0,1
0.2923203,1,ScalingUp,1.54,False,0,0,0,0,0,0,0,1
0.2950747,1,ScalingUp,1.54,False,0,0,0,0,0,0,0,1
0.2975471,1,ScalingUp,1.54,False,0,0,0,0,0,0,0,1
0.3001643,1,ScalingUp,1.54,False,0,0,0,0,0,0,0,1
0.3026887,1,ScalingUp,1.54,False,0,0,0,0,0,0,0,1
0.3055599,1,ScalingUp,1.54,False,0,0,0,0,0,0,0,1
0.3087207,1,ScalingUp,1.54,False,0,0,0,0,0,0,0,1
0.3111672,1,ScalingUp,1.54,False,0,0,0,0,0,0,0,1
0.3138756,1,ScalingUp,1.54,False,0,0,0,0,0,0,0,1
0.3163309,1,ScalingUp,1.54,False,0,0,0,0,0,0,0,1
0.3188776,1,ScalingUp,1.54,False,0,0,0,0,0,0,0,1
0.3216892,1,ScalingUp,1.54,False,0,0,0,0,0,0,0,1
0.3246994,1,ScalingUp,1.54,False,0,0,0,0,0,0,0,1
0.3273744,1,ScalingUp,1.54,False,0,0,0,0,0,0,0,1
0.3298677,1,ScalingUp,1.54,False,0,0,0,0,0,0,0,1
0.3325908,1,ScalingUp,1.54,False,0,0,0,0,0,0,0,1
0.335008,1,ScalingUp,1.54,False,0,0,0,0,0,0,0,1
0.3376622,1,ScalingUp,1.54,False,0,0,0,0,0,0,0,1
0.3401429,1,ScalingUp,1.54,False,0,0,0,0,0,0,0,1
0.3487294,1,ScalingUp,1.54,False,0,0,0,0,0,0,0,1
0.3519515,1,ScalingUp,1.54,False,0,0,0,0,0,0,0,1
0.3549028,1,ScalingUp,1.54,False,0,0,0,0,0,0,0,1
0.3573765,1,ScalingUp,1.54,False,0,0,0,0,0,0,0,1
0.3596328,1,ScalingUp,1.54,False,0,0,0,0,0,0,0,1
0.3621519,1,ScalingUp,1.54,False,0,0,0,0,0,0,0,1
0.3652927,1,ScalingUp,1.54,False,0,0,0,0,0,0,0,1
0.3680858,1,ScalingUp,1.54,False,0,0,0,0,0,0,0,1
0.3840504,1,ScalingUp,1.54,False,0,0,0,0,0,0,0,1
0.387552,1,ScalingUp,1.54,False,0,0,0,0,0,0,0,1
0.3906396,1,ScalingUp,1.54,False,0,0,0,0,0,0,0,1
0.3938033,1,ScalingUp,1.54,False,0,0,0,0,0,0,0,1
0.3962945,1,ScalingUp,1.54,False,0,0,0,0,0,0,0,1
0.3988513,1,ScalingUp,1.54,False,0,0,0,0,0,0,0,1
0.4013933,1,ScalingUp,1.54,False,0,0,0,0,0,0,0,1
0.4040904,1,ScalingUp,1.54,False,0,0,0,0,0,0,0,1
0.4065786,1,ScalingUp,1.54,False,0,0,0,0,0,0,0,1
0.4088788,1,ScalingUp,1.54,False,0,0,0,0,0,0,0,1
0.411268,1,ScalingUp,1.54,False,0,0,0,0,0,0,0,1
0.4134763,1,ScalingUp,1.54,False,0,0,0,0,0,0,0,1
0.4165964,1,ScalingUp,1.54,False,0,0,0,0,0,0,0,1
0.4191318,1,ScalingUp,1.54,False,0,0,0,0,0,0,0,1
0.4216583,1,ScalingUp,1.54,False,0,0,0,0,0,0,0,1
0.4243346,1,ScalingUp,1.54,False,0,0,0,0,0,0,0,1
0.4266667,1,ScalingUp,1.54,False,0,0,0,0,0,0,0,1
0.429313,1,ScalingUp,1.54,False,0,0,0,0,0,0,0,1
0.4318426,1,ScalingUp,1.54,False,0,0,0,0,0,0,0,1
0.4363486,1,ScalingUp,1.54,False,0,0,0,0,0,0,0,1
0.4414707,1,ScalingUp,1.54,False,0,0,0,0,0,0,0,1
0.4578806,1,ScalingUp,1.54,False,0,0,0,0,0,0,0,1
0.4777952,1,ScalingUp,1.54,False,0,0,0,0,0,0,0,1
0.4939437,1,ScalingUp,1.54,False,0,0,0,0,0,0,0,1
0.5102851,1,ScalingUp,1.54,False,0,0,0,0,0,0,0,1
0.5264496,1,ScalingUp,1.54,False,1,1,1,1,1,1,6,0
0.5426768,1,ScalingUp,1.54,False,1,1,1,1,1,1,6,0
0.5602737,1,ScalingUp,1.54,False,1,1,1,1,1,1,6,0
0.576225,1,ScalingUp,1.54,False,1,1,1,1,1,1,6,0
0.5928385,1,ScalingUp,1.54,False,1,1,1,1,1,1,6,0
0.6132892,1,ScalingUp,1.54,False,1,1,1,1,1,1,6,0
0.6302003,1,ScalingUp,1.54,False,1,1,1,1,1,1,6,0
0.6465133,1,ScalingUp,1.54,False,1,1,1,1,1,1,6,0
0.6621952,1,ScalingUp,1.54,False,1,1,1,1,1,1,6,0
0.678619,1,ScalingUp,1.54,False,1,1,1,1,1,1,6,0
0.6940876,1,ScalingUp,1.54,False,1,1,1,1,1,1,6,0
0.7102238,1,ScalingUp,1.54,False,1,1,1,1,1,1,6,0
0.725897,1,ScalingUp,1.54,False,1,1,1,1,1,1,6,0
0.7443247,1,ScalingUp,1.54,False,1,1,1,1,1,1,6,0
0.7472737,1,ScalingUp,1.54,False,1,1,1,1,1,1,6,0
0.7494998,1,ScalingUp,1.54,False,1,1,1,1,1,1,6,0
0.7519343,1,ScalingUp,1.54,False,1,1,1,1,1,1,6,0
0.7549948,1,ScalingUp,1.54,False,1,1,1,1,1,1,6,0
0.7574623,1,ScalingUp,1.54,False,1,1,1,1,1,1,6,0
0.7596718,1,ScalingUp,1.54,False,1,1,1,1,1,1,6,0
0.7621766,1,ScalingUp,1.54,False,1,1,1,1,1,1,6,0
0.7650067,1,ScalingUp,1.54,False,1,1,1,1,1,1,6,0
0.7673659,1,ScalingUp,1.54,False,1,1,1,1,1,1,6,0
0.7700953,1,ScalingUp,1.54,False,1,1,1,1,1,1,6,0
0.7725338,1,ScalingUp,1.54,False,1,1,1,1,1,1,6,0
0.7751052,1,ScalingUp,1.54,False,1,1,1,1,1,1,6,0
0.7773024,1,ScalingUp,1.54,False,1,1,1,1,1,1,6,0
0.7796175,1,ScalingUp,1.54,False,1,1,1,1,1,1,6,0
0.7819665,1,ScalingUp,1.54,False,1,1,1,1,1,1,6,0
0.7853855,1,ScalingUp,1.54,False,1,1,1,1,1,1,6,0
0.7881484,1,ScalingUp,1.54,False,1,1,1,1,1,1,6,0
0.7905872,1,ScalingUp,1.54,False,1,1,1,1,1,1,6,0
0.79313,1,ScalingUp,1.54,False,1,1,1,1,1,1,6,0
0.7955212,1,ScalingUp,1.54,False,1,1,1,1,1,1,6,0
0.798059,1,ScalingUp,1.54,False,1,1,1,1,1,1,6,0
0.800735,1,ScalingUp,1.54,False,1,1,1,1,1,1,6,0
0.8033667,1,ScalingUp,1.54,False,1,1,1,1,1,1,6,0
0.8058759,1,ScalingUp,1.54,False,1,1,1,1,1,1,6,0
0.8081083,1,ScalingUp,1.54,False,1,1,1,1,1,1,6,0
0.8105336,1,ScalingUp,1.54,False,1,1,1,1,1,1,6,0
0.812831,1,ScalingUp,1.54,False,1,1,1,1,1,1,6,0
0.8159493,1,ScalingUp,1.54,False,1,1,1,1,1,1,6,0
0.8191479,1,ScalingUp,1.54,False,1,1,1,1,1,1,6,0
0.8224015,1,ScalingUp,1.54,False,1,1,1,1,1,1,6,0
0.825802,1,ScalingUp,1.54,False,1,1,1,1,1,1,6,0
0.8290114,1,ScalingUp,1.54,False,1,1,1,1,1,1,6,0
0.8492563,1,ScalingUp,1.54,False,1,1,1,1,1,1,6,0
0.8661394,1,ScalingUp,1.54,False,1,1,1,1,1,1,6,0
0.8841075,1,ScalingUp,1.54,False,1,1,1,1,1,1,6,0
0.9012163,1,ScalingUp,1.54,False,1,1,1,1,1,1,6,0
0.9191134,1,ScalingUp,1.54,False,1,1,1,1,1,1,6,0
0.9404974,1,ScalingUp,1.54,False,0,0,0,0,0,0,0,1
0.9579305,1,ScalingUp,1.54,False,0,0,0,0,0,0,0,1
0.9755928,1,ScalingUp,1.54,False,0,0,0,0,0,0,0,1
0.9927884,1,ScalingUp,1.54,False,0,0,0,0,0,0,0,1
1.010357,1,ScalingUp,1.54,False,0,0,0,0,0,0,0,1
1.026072,1,ScalingUp,1.54,False,0,0,0,0,0,0,0,1
1.029116,1,ScalingUp,1.54,False,0,0,0,0,0,0,0,1
1.031506,1,ScalingUp,1.54,False,0,0,0,0,0,0,0,1
1.034326,1,ScalingUp,1.54,False,0,0,0,0,0,0,0,1
1.037121,1,ScalingUp,1.54,False,0,0,0,0,0,0,0,1
1.040065,1,ScalingUp,1.54,False,0,0,0,0,0,0,0,1
1.055725,1,ScalingUp,1.54,False,0,0,0,0,0,0,0,1
1.073082,1,ScalingUp,1.54,False,0,0,0,0,0,0,0,1
1.092715,1,ScalingUp,1.54,False,0,0,0,0,0,0,0,1
1.109034,1,ScalingUp,1.54,False,1,1,1,1,1,1,6,0
1.12495,1,ScalingUp,1.54,False,1,1,1,1,1,1,6,0
1.141858,1,ScalingUp,1.54,False,1,1,1,1,1,1,6,0
1.16627,1,ScalingUp,1.54,False,1,1,1,1,1,1,6,0
1.182618,1,ScalingUp,1.54,False,0,0,0,0,0,0,0,1
1.198656,1,ScalingUp,1.54,False,0,0,0,0,0,0,0,1
1.213555,1,ScalingUp,1.54,False,0,0,0,0,0,0,0,1
1.216826,1,ScalingUp,1.54,False,0,0,0,0,0,0,0,1
1.219225,1,ScalingUp,1.54,False,0,0,0,0,0,0,0,1
1.22244,1,ScalingUp,1.54,False,0,0,0,0,0,0,0,1
1.225541,1,ScalingUp,1.54,False,0,0,0,0,0,0,0,1
1.228181,1,ScalingUp,1.54,False,0,0,0,0,0,0,0,1
1.231001,1,ScalingUp,1.54,False,0,0,0,0,0,0,0,1
1.233504,1,ScalingUp,1.54,False,0,0,0,0,0,0,0,1
1.236251,1,ScalingUp,1.54,False,0,0,0,0,0,0,0,1
1.238772,1,ScalingUp,1.54,False,0,0,0,0,0,0,0,1
1.241271,1,ScalingUp,1.54,False,0,0,0,0,0,0,0,1
1.244389,1,ScalingUp,1.54,False,0,0,0,0,0,0,0,1
1.264254,1,ScalingUp,1.54,False,0,0,1,1,1,1,4,0
1.281256,1,ScalingUp,1.54,False,1,1,1,1,1,1,6,0
1.300105,1,ScalingUp,1.54,False,1,1,1,1,1,1,6,0
1.315796,1,ScalingUp,1.54,False,1,1,1,1,1,1,6,0
1.332379,1,ScalingUp,1.54,False,0,0,0,0,0,0,0,1
1.348981,1,ScalingUp,1.54,False,0,0,0,0,0,0,0,1
1.36499,1,ScalingUp,1.54,False,0,0,0,0,0,0,0,1
1.38161,1,ScalingUp,1.54,False,0,0,0,0,0,0,0,1
1.401746,1,ScalingUp,1.54,False,0,0,0,0,0,0,0,1
1.417683,1,ScalingUp,1.54,False,0,0,0,0,0,0,0,1
1.420438,1,ScalingUp,1.54,False,0,0,0,0,0,0,0,1
1.423619,1,ScalingUp,1.54,False,0,0,0,0,0,0,0,1
1.426424,1,ScalingUp,1.54,False,0,0,0,0,0,0,0,1
1.429263,1,ScalingUp,1.54,False,0,0,0,0,0,0,0,1
1.431828,1,ScalingUp,1.54,False,0,0,0,0,0,0,0,1
1.435563,1,ScalingUp,1.54,False,0,0,0,0,0,0,0,1
1.451782,1,ScalingUp,1.54,False,0,0,0,0,0,0,0,1
1.470234,1,ScalingUp,1.54,False,0,0,0,0,0,0,0,1
1.486821,1,ScalingUp,1.54,False,1,1,1,1,1,1,6,0
1.502913,1,ScalingUp,1.54,False,1,1,1,1,1,1,6,0
1.519536,1,ScalingUp,1.54,False,0,0,0,0,1,1,2,0
1.536492,1,ScalingUp,1.54,False,0,0,0,0,0,0,0,1
1.552944,1,ScalingUp,1.54,False,0,0,0,0,0,0,0,1
1.573051,1,ScalingUp,1.54,False,0,0,0,0,0,0,0,1
1.589604,1,ScalingUp,1.54,False,0,0,0,0,0,0,0,1
1.593187,1,ScalingUp,1.54,False,0,0,0,0,0,0,0,1
1.596958,1,ScalingUp,1.54,False,0,0,0,0,0,0,0,1
1.599948,1,ScalingUp,1.54,False,0,0,0,0,0,0,0,1
1.602491,1,ScalingUp,1.54,False,0,0,0,0,0,0,0,1
1.605756,1,ScalingUp,1.54,False,0,0,0,0,0,0,0,1
1.61045,1,ScalingUp,1.54,False,0,0,0,0,0,0,0,1
1.628201,1,ScalingUp,1.54,False,0,0,0,0,0,0,0,1
1.644991,1,ScalingUp,1.54,False,0,0,0,0,0,0,0,1
1.661831,1,ScalingUp,1.54,False,1,1,1,1,1,1,6,0
1.678111,1,ScalingUp,1.54,False,1,1,1,1,1,1,6,0
1.694022,1,ScalingUp,1.54,False,0,0,0,0,0,0,0,1
1.710683,1,ScalingUp,1.54,False,0,0,0,0,0,0,0,1
1.726797,1,ScalingUp,1.54,False,0,0,0,0,0,0,0,1
1.747272,1,ScalingUp,1.54,False,0,0,0,0,0,0,0,1
1.770966,1,ScalingUp,1.54,False,0,0,0,0,0,0,0,1
1.78705,1,ScalingUp,1.54,False,0,0,0,0,0,0,0,1
1.803369,1,ScalingUp,1.54,False,0,0,0,0,0,0,0,1
1.819219,1,ScalingUp,1.54,False,1,1,1,1,1,1,6,0
1.835969,1,ScalingUp,1.54,False,1,1,1,1,1,1,6,0
1.852062,1,ScalingUp,1.54,False,0,0,0,0,0,0,0,1
1.868593,1,ScalingUp,1.54,False,0,0,0,0,0,0,0,1
1.887639,1,ScalingUp,1.54,False,0,0,0,0,0,0,0,1
1.902932,1,ScalingUp,1.54,False,0,0,0,0,0,0,0,1
1.90644,1,ScalingUp,1.54,False,0,0,0,0,0,0,0,1
1.909198,1,ScalingUp,1.54,False,0,0,0,0,0,0,0,1
1.912046,1,ScalingUp,1.54,False,0,0,0,0,0,0,0,1
1.915658,1,ScalingUp,1.54,False,0,0,0,0,0,0,0,1
1.9317,1,ScalingUp,1.54,False,0,0,0,0,0,0,0,1
1.948881,1,ScalingUp,1.54,False,1,1,1,1,1,1,6,0
1.966081,1,ScalingUp,1.54,False,1,1,1,1,1,1,6,0
1.982842,1,ScalingUp,1.54,False,0,0,0,0,0,0,0,1
2.000394,1,ScalingUp,1.54,False,0,0,0,0,0,0,0,1
2.019973,1,ScalingUp,1.54,False,0,0,0,0,0,0,0,1
2.036474,1,ScalingUp,1.54,False,0,0,0,0,0,0,0,1
2.051542,1,ScalingUp,1.54,False,0,0,0,0,0,0,0,1
2.054909,1,ScalingUp,1.54,False,0,0,0,0,0,0,0,1
2.057382,1,ScalingUp,1.54,False,0,0,0,0,0,0,0,1
2.059908,1,ScalingUp,1.54,False,0,0,0,0,0,0,0,1
2.063258,1,ScalingUp,1.54,False,0,0,0,0,0,0,0,1
2.067031,1,ScalingUp,1.54,False,0,0,0,0,0,0,0,1
2.083123,1,ScalingUp,1.54,False,0,0,0,0,0,0,0,1
2.099569,1,ScalingUp,1.54,False,0,0,0,0,0,0,0,1
2.115866,1,ScalingUp,1.54,False,1,1,1,1,1,1,6,0
2.135932,1,ScalingUp,1.54,False,0,0,0,0,0,0,0,1
2.154264,1,ScalingUp,1.54,False,0,0,0,0,0,0,0,1
2.174103,1,ScalingUp,1.54,False,0,0,0,0,0,0,0,1
2.190081,1,ScalingUp,1.54,False,0,0,0,0,0,0,0,1
2.205528,1,ScalingUp,1.54,False,0,0,0,0,0,0,0,1
2.209644,1,ScalingUp,1.54,False,0,0,0,0,0,0,0,1
2.226177,1,ScalingUp,1.54,False,0,0,0,0,0,0,0,1
2.242576,1,ScalingUp,1.54,False,0,0,0,0,0,0,0,1
2.259118,1,ScalingUp,1.54,False,0,0,0,0,0,0,0,1
2.278057,1,ScalingUp,1.54,False,1,1,1,1,1,1,6,0
2.295968,1,ScalingUp,1.54,False,0,0,0,0,0,0,0,1
2.312,1,ScalingUp,1.54,False,0,0,0,0,0,0,0,1
2.328237,1,ScalingUp,1.54,False,0,0,0,0,0,0,0,1
2.344313,1,ScalingUp,1.54,False,0,0,0,0,0,0,0,1
2.360652,1,ScalingUp,1.54,False,0,0,0,0,0,0,0,1
2.377748,1,ScalingUp,1.54,False,0,0,0,0,0,0,0,1
2.39678,1,ScalingUp,1.54,False,1,1,1,1,1,1,6,0
2.413069,1,ScalingUp,1.54,False,1,1,1,1,1,1,6,0
2.429988,1,ScalingUp,1.54,False,0,0,0,0,0,0,0,1
2.446687,1,ScalingUp,1.54,False,0,0,0,0,0,0,0,1
2.46286,1,ScalingUp,1.54,False,0,0,0,0,0,0,0,1
2.478227,1,ScalingUp,1.54,False,0,0,0,0,0,0,0,1
2.481194,1,ScalingUp,1.54,False,0,0,0,0,0,0,0,1
2.483962,1,ScalingUp,1.54,False,0,0,0,0,0,0,0,1
2.486459,1,ScalingUp,1.54,False,0,0,0,0,0,0,0,1
2.488966,1,ScalingUp,1.54,False,0,0,0,0,0,0,0,1
2.491378,1,ScalingUp,1.54,False,0,0,0,0,0,0,0,1
2.494743,1,ScalingUp,1.54,False,0,0,0,0,0,0,0,1
2.51136,1,ScalingUp,1.54,False,0,0,0,0,0,0,0,1
2.531178,1,ScalingUp,1.54,False,0,0,0,0,0,0,0,1
2.548305,1,ScalingUp,1.54,False,1,1,1,1,1,1,6,0
2.564777,1,ScalingUp,1.54,False,0,0,0,0,0,0,0,1
2.581259,1,ScalingUp,1.54,False,0,0,0,0,0,0,0,1
2.598116,1,ScalingUp,1.54,False,0,0,0,0,0,0,0,1
2.613711,1,ScalingUp,1.54,False,0,0,0,0,0,0,0,1
2.6168,1,ScalingUp,1.54,False,0,0,0,0,0,0,0,1
2.619369,1,ScalingUp,1.54,False,0,0,0,0,0,0,0,1
2.621916,1,ScalingUp,1.54,False,0,0,0,0,0,0,0,1
2.624949,1,ScalingUp,1.54,False,0,0,0,0,0,0,0,1
2.628681,1,ScalingUp,1.54,False,0,0,0,0,0,0,0,1
2.645167,1,ScalingUp,1.54,False,0,0,0,0,0,0,0,1
2.661758,1,ScalingUp,1.54,False,1,1,1,1,1,1,6,0
2.683742,1,ScalingUp,1.54,False,0,0,0,0,0,0,0,1
2.700954,1,ScalingUp,1.54,False,0,0,0,0,0,0,0,1
2.717777,1,ScalingUp,1.54,False,0,0,0,0,0,0,0,1
2.734039,1,ScalingUp,1.54,False,0,0,0,0,0,0,0,1
2.750712,1,ScalingUp,1.54,False,0,0,0,0,0,0,0,1
2.766625,1,ScalingUp,1.54,False,0,0,0,0,0,0,0,1
2.783443,1,ScalingUp,1.54,False,0,0,0,0,0,0,0,1
2.799769,1,ScalingUp,1.54,False,1,1,1,1,1,1,6,0
2.818997,1,ScalingUp,1.54,False,1,1,1,1,1,1,6,0
2.838464,1,ScalingUp,1.54,False,1,1,1,1,1,1,6,0
2.855041,1,ScalingUp,1.54,False,0,0,0,0,0,0,0,1
2.870702,1,ScalingUp,1.54,False,0,0,0,0,0,0,0,1
2.87375,1,ScalingUp,1.54,False,0,0,0,0,0,0,0,1
2.87603,1,ScalingUp,1.54,False,0,0,0,0,0,0,0,1
2.878797,1,ScalingUp,1.54,False,0,0,0,0,0,0,0,1
2.882075,1,ScalingUp,1.54,False,0,0,0,0,0,0,0,1
2.899288,1,ScalingUp,1.54,False,1,1,1,1,1,1,6,0
2.916115,1,ScalingUp,1.54,False,1,1,1,1,1,1,6,0
2.932819,1,ScalingUp,1.54,False,0,0,0,0,0,0,0,1
2.949585,1,ScalingUp,1.54,False,0,0,0,0,0,0,0,1
2.969501,1,ScalingUp,1.54,False,0,0,0,0,0,0,0,1
2.985023,1,ScalingUp,1.54,False,0,0,0,0,0,0,0,1
2.988259,1,ScalingUp,1.54,False,0,0,0,0,0,0,0,1
2.990736,1,ScalingUp,1.54,False,0,0,0,0,0,0,0,1
2.993469,1,ScalingUp,1.54,False,0,0,0,0,0,0,0,1
2.997471,1,ScalingUp,1.54,False,0,0,0,0,0,0,0,1
3.013868,1,ScalingUp,1.54,False,0,0,0,0,0,0,0,1
3.031742,1,ScalingUp,1.54,False,0,0,0,0,0,0,0,1
3.049874,1,ScalingUp,1.54,False,1,1,1,1,1,1,6,0
3.066939,1,ScalingUp,1.54,False,0,0,0,0,0,0,0,1
3.083323,1,ScalingUp,1.54,False,0,0,0,0,0,0,0,1
3.100312,1,ScalingUp,1.54,False,0,0,0,0,0,0,0,1
3.119635,1,ScalingUp,1.54,False,0,0,0,0,0,0,0,1
3.123579,1,ScalingUp,1.54,False,0,0,0,0,0,0,0,1
3.14015,1,ScalingUp,1.54,False,0,0,0,0,0,0,0,1
3.156851,1,ScalingUp,1.54,False,1,1,1,1,1,1,6,0
3.173065,1,ScalingUp,1.54,False,0,0,0,0,0,0,0,1
3.189806,1,ScalingUp,1.54,False,0,0,0,0,0,0,0,1
3.206056,1,ScalingUp,1.54,False,0,0,0,0,0,0,0,1
3.222858,1,ScalingUp,1.54,False,0,0,0,0,0,0,0,1
3.241765,1,ScalingUp,1.54,False,0,0,0,0,0,0,0,1
3.261616,1,ScalingUp,1.54,False,0,0,0,0,0,0,0,1
3.277887,1,ScalingUp,1.54,False,0,0,0,0,0,0,0,1
3.294092,1,ScalingUp,1.54,False,1,1,1,1,1,1,6,0
3.310333,1,ScalingUp,1.54,False,1,1,1,1,1,1,6,0
3.326747,1,ScalingUp,1.54,False,1,1,1,1,1,1,6,0
3.342279,1,ScalingUp,1.54,False,1,1,1,1,1,1,6,0
3.345423,1,ScalingUp,1.54,False,1,1,1,1,1,1,6,0
3.348597,1,ScalingUp,1.54,False,1,1,1,1,1,1,6,0
3.352051,1,ScalingUp,1.54,False,1,1,1,1,1,1,6,0
3.368551,1,ScalingUp,1.54,False,1,1,1,1,1,1,6,0
3.385663,1,ScalingUp,1.54,False,1,1,1,1,1,1,6,0
3.402085,1,ScalingUp,1.54,False,0,0,0,0,0,0,0,1
3.42252,1,ScalingUp,1.54,False,0,0,0,0,0,0,0,1
3.439355,1,ScalingUp,1.54,False,0,0,0,0,0,0,0,1
3.456008,1,ScalingUp,1.54,False,0,0,0,0,0,0,0,1
3.472281,1,ScalingUp,1.54,False,0,0,0,0,0,0,0,1
3.488495,1,ScalingUp,1.54,False,0,0,0,0,0,0,0,1
3.504991,1,ScalingUp,1.54,False,1,1,1,1,1,1,6,0
3.521206,1,ScalingUp,1.54,False,1,1,1,1,1,1,6,0
3.53779,1,ScalingUp,1.54,False,1,1,1,1,1,1,6,0
3.557027,1,ScalingUp,1.54,False,1,1,1,1,1,1,6,0
3.572816,1,ScalingUp,1.54,False,1,1,1,1,1,1,6,0
3.576969,1,ScalingUp,1.54,False,1,1,1,1,1,1,6,0
3.595598,1,ScalingUp,1.54,False,1,1,1,1,1,1,6,0
3.612513,1,ScalingUp,1.54,False,1,1,1,1,1,1,6,0
3.628632,1,ScalingUp,1.54,False,1,1,1,1,1,1,6,0
3.645217,1,ScalingUp,1.54,False,1,1,1,1,1,1,6,0
3.661704,1,ScalingUp,1.54,False,1,1,1,1,1,1,6,0
3.677191,1,ScalingUp,1.54,False,1,1,1,1,1,1,6,0
3.679855,1,ScalingUp,1.54,False,1,1,1,1,1,1,6,0
3.682411,1,ScalingUp,1.54,False,1,1,1,1,1,1,6,0
3.686176,1,ScalingUp,1.54,False,1,1,1,1,1,1,6,0
3.703292,1,ScalingUp,1.54,False,1,1,1,1,1,1,6,0
3.724015,1,ScalingUp,1.54,False,1,1,1,1,1,1,6,0
3.740078,1,ScalingUp,1.54,False,1,1,1,1,1,1,6,0
3.756688,1,ScalingUp,1.54,False,1,1,1,1,1,1,6,0
3.773107,1,ScalingUp,1.54,False,0,0,0,0,0,0,0,1
3.789323,1,ScalingUp,1.54,False,0,0,0,0,0,0,0,1
3.804322,1,ScalingUp,1.54,False,0,0,0,0,0,0,0,1
3.807112,1,ScalingUp,1.54,False,0,0,0,0,0,0,0,1
3.809623,1,ScalingUp,1.54,False,0,0,0,0,0,0,0,1
3.812603,1,ScalingUp,1.54,False,0,0,0,0,0,0,0,1
3.815033,1,ScalingUp,1.54,False,0,0,0,0,0,0,0,1
3.818188,1,ScalingUp,1.54,False,0,0,0,0,0,0,0,1
3.835149,1,ScalingUp,1.54,False,0,0,0,0,0,0,0,1
3.851577,1,ScalingUp,1.54,False,1,1,1,1,1,1,6,0
3.868065,1,ScalingUp,1.54,False,1,1,1,1,1,1,6,0
3.888902,1,ScalingUp,1.54,False,1,1,1,1,1,1,6,0
3.906818,1,ScalingUp,1.54,False,1,1,1,1,1,1,6,0
3.923466,1,ScalingUp,1.54,False,1,1,1,1,1,1,6,0
3.92628,1,ScalingUp,1.54,False,1,1,1,1,1,1,6,0
3.928757,1,ScalingUp,1.54,False,1,1,1,1,1,1,6,0
3.931413,1,ScalingUp,1.54,False,1,1,1,1,1,1,6,0
3.934147,1,ScalingUp,1.54,False,1,1,1,1,1,1,6,0
3.937025,1,ScalingUp,1.54,False,1,1,1,1,1,1,6,0
3.939719,1,ScalingUp,1.54,False,1,1,1,1,1,1,6,0
3.942402,1,ScalingUp,1.54,False,1,1,1,1,1,1,6,0
3.946588,1,ScalingUp,1.54,False,1,1,1,1,1,1,6,0
3.962172,1,ScalingUp,1.54,False,1,1,1,1,1,1,6,0
3.978697,1,ScalingUp,1.54,False,1,1,1,1,1,1,6,0
3.996332,1,ScalingUp,1.54,False,1,1,1,1,1,1,6,0
3.999437,1,ScalingUp,1.54,False,1,1,1,1,1,1,6,0
4.001613,1,ScalingUp,1.54,False,1,1,1,1,1,1,6,0
4.004225,1,ScalingUp,1.54,False,1,1,1,1,1,1,6,0
4.006648,1,ScalingUp,1.54,False,1,1,1,1,1,1,6,0
4.00889,1,ScalingUp,1.54,False,1,1,1,1,1,1,6,0
4.011663,1,ScalingUp,1.54,False,1,1,1,1,1,1,6,0
4.014164,1,ScalingUp,1.54,False,1,1,1,1,1,1,6,0
4.016548,1,ScalingUp,1.54,False,1,1,1,1,1,1,6,0
4.021367,1,ScalingUp,1.54,False,1,1,1,1,1,1,6,0
4.038628,1,ScalingUp,1.54,False,1,1,1,1,1,1,6,0
4.041805,1,ScalingUp,1.54,False,1,1,1,1,1,1,6,0
4.044935,1,ScalingUp,1.54,False,1,1,1,1,1,1,6,0
4.047677,1,ScalingUp,1.54,False,1,1,1,1,1,1,6,0
4.050286,1,ScalingUp,1.54,False,1,1,1,1,1,1,6,0
4.053803,1,ScalingUp,1.54,False,1,1,1,1,1,1,6,0
4.069741,1,ScalingUp,1.54,False,1,1,1,1,1,1,6,0
4.090293,1,ScalingUp,1.54,False,1,1,1,1,1,1,6,0
4.106357,1,ScalingUp,1.54,False,1,1,1,1,1,1,6,0
4.121718,1,ScalingUp,1.54,False,1,1,1,1,1,1,6,0
4.125071,1,ScalingUp,1.54,False,1,1,1,1,1,1,6,0
4.127632,1,ScalingUp,1.54,False,1,1,1,1,1,1,6,0
4.130203,1,ScalingUp,1.54,False,1,1,1,1,1,1,6,0
4.132895,1,ScalingUp,1.54,False,1,1,1,1,1,1,6,0
4.13621,1,ScalingUp,1.54,False,1,1,1,1,1,1,6,0
4.139007,1,ScalingUp,1.54,False,1,1,1,1,1,1,6,0
4.141345,1,ScalingUp,1.54,False,1,1,1,1,1,1,6,0
4.144301,1,ScalingUp,1.54,False,1,1,1,1,1,1,6,0
4.146846,1,ScalingUp,1.54,False,1,1,1,1,1,1,6,0
4.149404,1,ScalingUp,1.54,False,1,1,1,1,1,1,6,0
4.15193,1,ScalingUp,1.54,False,1,1,1,1,1,1,6,0
4.154286,1,ScalingUp,1.54,False,1,1,1,1,1,1,6,0
4.157004,1,ScalingUp,1.54,False,1,1,1,1,1,1,6,0
4.159324,1,ScalingUp,1.54,False,1,1,1,1,1,1,6,0
4.161701,1,ScalingUp,1.54,False,1,1,1,1,1,1,6,0
4.166237,1,ScalingUp,1.54,False,1,1,1,1,1,1,6,0
4.168929,1,ScalingUp,1.54,False,1,1,1,1,1,1,6,0
4.171366,1,ScalingUp,1.54,False,1,1,1,1,1,1,6,0
4.185931,1,ScalingUp,1.54,False,1,1,1,1,1,1,6,0
4.188825,1,ScalingUp,1.54,False,1,1,1,1,1,1,6,0
4.191336,1,ScalingUp,1.54,False,1,1,1,1,1,1,6,0
4.193743,1,ScalingUp,1.54,False,1,1,1,1,1,1,6,0
4.196332,1,ScalingUp,1.54,False,1,1,1,1,1,1,6,0
4.199188,1,ScalingUp,1.54,False,1,1,1,1,1,1,6,0
4.201656,1,ScalingUp,1.54,False,1,1,1,1,1,1,6,0
4.204192,1,ScalingUp,1.54,False,1,1,1,1,1,1,6,0
4.206608,1,ScalingUp,1.54,False,1,1,1,1,1,1,6,0
4.208829,1,ScalingUp,1.54,False,1,1,1,1,1,1,6,0
4.211357,1,ScalingUp,1.54,False,1,1,1,1,1,1,6,0
4.214314,1,ScalingUp,1.54,False,1,1,1,1,1,1,6,0
4.21683,1,ScalingUp,1.54,False,1,1,1,1,1,1,6,0
4.219175,1,ScalingUp,1.54,False,1,1,1,1,1,1,6,0
4.22142,1,ScalingUp,1.54,False,1,1,1,1,1,1,6,0
4.223986,1,ScalingUp,1.54,False,1,1,1,1,1,1,6,0
4.226736,1,ScalingUp,1.54,False,1,1,1,1,1,1,6,0
4.229394,1,ScalingUp,1.54,False,1,1,1,1,1,1,6,0
4.231743,1,ScalingUp,1.54,False,1,1,1,1,1,1,6,0
4.234029,1,ScalingUp,1.54,False,1,1,1,1,1,1,6,0
4.236404,1,ScalingUp,1.54,False,1,1,1,1,1,1,6,0
4.238669,1,ScalingUp,1.54,False,1,1,1,1,1,1,6,0
4.241472,1,ScalingUp,1.54,False,1,1,1,1,1,1,6,0
4.244626,1,ScalingUp,1.54,False,1,1,1,1,1,1,6,0
4.247155,1,ScalingUp,1.54,False,1,1,1,1,1,1,6,0
4.249458,1,ScalingUp,1.54,False,1,1,1,1,1,1,6,0
4.251873,1,ScalingUp,1.54,False,1,1,1,1,1,1,6,0
4.254339,1,ScalingUp,1.54,False,1,1,1,1,1,1,6,0
4.256933,1,ScalingUp,1.54,False,1,1,1,1,1,1,6,0
4.259774,1,ScalingUp,1.54,False,1,1,1,1,1,1,6,0
4.26227,1,ScalingUp,1.54,False,1,1,1,1,1,1,6,0
4.264965,1,ScalingUp,1.54,False,1,1,1,1,1,1,6,0
4.26727,1,ScalingUp,1.54,False,1,1,1,1,1,1,6,0
4.269529,1,ScalingUp,1.54,False,1,1,1,1,1,1,6,0
4.2722,1,ScalingUp,1.54,False,1,1,1,1,1,1,6,0
4.274733,1,ScalingUp,1.54,False,1,1,1,1,1,1,6,0
4.27716,1,ScalingUp,1.54,False,1,1,1,1,1,1,6,0
4.279475,1,ScalingUp,1.54,False,1,1,1,1,1,1,6,0
4.281792,1,ScalingUp,1.54,False,1,1,1,1,1,1,6,0
4.284428,1,ScalingUp,1.54,False,1,1,1,1,1,1,6,0
4.286883,1,ScalingUp,1.54,False,1,1,1,1,1,1,6,0
4.289487,1,ScalingUp,1.54,False,1,1,1,1,1,1,6,0
4.291785,1,ScalingUp,1.54,False,1,1,1,1,1,1,6,0
4.295089,1,ScalingUp,1.54,False,1,1,1,1,1,1,6,0
4.297603,1,ScalingUp,1.54,False,1,1,1,1,1,1,6,0
4.299987,1,ScalingUp,1.54,False,1,1,1,1,1,1,6,0
4.302327,1,ScalingUp,1.54,False,1,1,1,1,1,1,6,0
4.30689,1,ScalingUp,1.54,False,1,1,1,1,1,1,6,0
4.323106,1,ScalingUp,1.54,False,1,1,1,1,1,1,6,0
4.34284,1,ScalingUp,1.54,False,1,1,1,1,1,1,6,0
4.359226,1,ScalingUp,1.54,False,1,1,1,1,1,1,6,0
4.375786,1,ScalingUp,1.54,False,1,1,1,1,1,1,6,0
4.392328,1,ScalingUp,1.54,False,1,1,1,1,1,1,6,0
4.408561,1,ScalingUp,1.54,False,1,1,1,1,1,1,6,0
4.424954,1,ScalingUp,1.54,False,1,1,1,1,1,1,6,0
4.441471,1,ScalingUp,1.54,False,1,1,1,1,1,1,6,0
4.445543,1,ScalingUp,1.54,False,1,1,1,1,1,1,6,0
4.460371,1,ScalingUp,1.54,False,1,1,1,1,1,1,6,0
4.464357,1,ScalingUp,1.54,False,1,1,1,1,1,1,6,0
4.481081,1,ScalingUp,1.54,False,1,1,1,1,1,1,6,0
4.49956,1,ScalingUp,1.54,False,1,1,1,1,1,1,6,0
4.502598,1,ScalingUp,1.54,False,1,1,1,1,1,1,6,0
4.505597,1,ScalingUp,1.54,False,1,1,1,1,1,1,6,0
4.508363,1,ScalingUp,1.54,False,1,1,1,1,1,1,6,0
4.510682,1,ScalingUp,1.54,False,1,1,1,1,1,1,6,0
4.512993,1,ScalingUp,1.54,False,1,1,1,1,1,1,6,0
4.515439,1,ScalingUp,1.54,False,1,1,1,1,1,1,6,0
4.517744,1,ScalingUp,1.54,False,1,1,1,1,1,1,6,0
4.520357,1,ScalingUp,1.54,False,1,1,1,1,1,1,6,0
4.5228,1,ScalingUp,1.54,False,1,1,1,1,1,1,6,0
4.525347,1,ScalingUp,1.54,False,1,1,1,1,1,1,6,0
4.52782,1,ScalingUp,1.54,False,1,1,1,1,1,1,6,0
4.530317,1,ScalingUp,1.54,False,1,1,1,1,1,1,6,0
4.532839,1,ScalingUp,1.54,False,1,1,1,1,1,1,6,0
4.535524,1,ScalingUp,1.54,False,1,1,1,1,1,1,6,0
4.538461,1,ScalingUp,1.54,False,1,1,1,1,1,1,6,0
4.541164,1,ScalingUp,1.54,False,1,1,1,1,1,1,6,0
4.543952,1,ScalingUp,1.54,False,1,1,1,1,1,1,6,0
4.546503,1,ScalingUp,1.54,False,1,1,1,1,1,1,6,0
4.549048,1,ScalingUp,1.54,False,1,1,1,1,1,1,6,0
4.551754,1,ScalingUp,1.54,False,1,1,1,1,1,1,6,0
4.554163,1,ScalingUp,1.54,False,1,1,1,1,1,1,6,0
4.556729,1,ScalingUp,1.54,False,1,1,1,1,1,1,6,0
4.559039,1,ScalingUp,1.54,False,1,1,1,1,1,1,6,0
4.561561,1,ScalingUp,1.54,False,1,1,1,1,1,1,6,0
4.564181,1,ScalingUp,1.54,False,1,1,1,1,1,1,6,0
4.570495,1,ScalingUp,1.54,False,1,1,1,1,1,1,6,0
4.586963,1,ScalingUp,1.54,False,1,1,1,1,1,1,6,0
4.603668,1,ScalingUp,1.54,False,1,1,1,1,1,1,6,0
4.620114,1,ScalingUp,1.54,False,1,1,1,1,1,1,6,0
4.636136,1,ScalingUp,1.54,False,1,1,1,1,1,1,6,0
4.651685,1,ScalingUp,1.54,False,1,1,1,1,1,1,6,0
4.654609,1,ScalingUp,1.54,False,1,1,1,1,1,1,6,0
4.657224,1,ScalingUp,1.54,False,1,1,1,1,1,1,6,0
4.65971,1,ScalingUp,1.54,False,1,1,1,1,1,1,6,0
4.662364,1,ScalingUp,1.54,False,1,1,1,1,1,1,6,0
4.665366,1,ScalingUp,1.54,False,1,1,1,1,1,1,6,0
4.667748,1,ScalingUp,1.54,False,1,1,1,1,1,1,6,0
4.670048,1,ScalingUp,1.54,False,1,1,1,1,1,1,6,0
4.672337,1,ScalingUp,1.54,False,1,1,1,1,1,1,6,0
4.67455,1,ScalingUp,1.54,False,1,1,1,1,1,1,6,0
4.677518,1,ScalingUp,1.54,False,1,1,1,1,1,1,6,0
4.680249,1,ScalingUp,1.54,False,1,1,1,1,1,1,6,0
4.682664,1,ScalingUp,1.54,False,1,1,1,1,1,1,6,0
4.685278,1,ScalingUp,1.54,False,1,1,1,1,1,1,6,0
4.687547,1,ScalingUp,1.54,False,1,1,1,1,1,1,6,0
4.6902,1,ScalingUp,1.54,False,1,1,1,1,1,1,6,0
4.692748,1,ScalingUp,1.54,False,1,1,1,1,1,1,6,0
4.695665,1,ScalingUp,1.54,False,1,1,1,1,1,1,6,0
4.698261,1,ScalingUp,1.54,False,1,1,1,1,1,1,6,0
4.700681,1,ScalingUp,1.54,False,1,1,1,1,1,1,6,0
4.703398,1,ScalingUp,1.54,False,1,1,1,1,1,1,6,0
4.705865,1,ScalingUp,1.54,False,1,1,1,1,1,1,6,0
4.708663,1,ScalingUp,1.54,False,1,1,1,1,1,1,6,0
4.711472,1,ScalingUp,1.54,False,1,1,1,1,1,1,6,0
4.714015,1,ScalingUp,1.54,False,1,1,1,1,1,1,6,0
4.716433,1,ScalingUp,1.54,False,1,1,1,1,1,1,6,0
4.718866,1,ScalingUp,1.54,False,1,1,1,1,1,1,6,0
4.721193,1,ScalingUp,1.54,False,1,1,1,1,1,1,6,0
4.723878,1,ScalingUp,1.54,False,1,1,1,1,1,1,6,0
4.727271,1,ScalingUp,1.54,False,1,1,1,1,1,1,6,0
4.729803,1,ScalingUp,1.54,False,1,1,1,1,1,1,6,0
4.732344,1,ScalingUp,1.54,False,1,1,1,1,1,1,6,0
4.734856,1,ScalingUp,1.54,False,1,1,1,1,1,1,6,0
4.737303,1,ScalingUp,1.54,False,1,1,1,1,1,1,6,0
4.740156,1,ScalingUp,1.54,False,1,1,1,1,1,1,6,0
4.742926,1,ScalingUp,1.54,False,1,1,1,1,1,1,6,0
4.74558,1,ScalingUp,1.54,False,1,1,1,1,1,1,6,0
4.747904,1,ScalingUp,1.54,False,1,1,1,1,1,1,6,0
4.750306,1,ScalingUp,1.54,False,1,1,1,1,1,1,6,0
4.75263,1,ScalingUp,1.54,False,1,1,1,1,1,1,6,0
4.759751,1,ScalingUp,1.54,False,1,1,1,1,1,1,6,0
4.776417,1,ScalingUp,1.54,False,1,1,1,1,1,1,6,0
4.793034,1,ScalingUp,1.54,False,1,1,1,1,1,1,6,0
4.809241,1,ScalingUp,1.54,False,1,1,1,1,1,1,6,0
4.825322,1,ScalingUp,1.54,False,1,1,1,1,1,1,6,0
4.841609,1,ScalingUp,1.54,False,1,1,1,1,1,1,6,0
4.857868,1,ScalingUp,1.54,False,0,0,0,0,0,0,0,1
4.874031,1,ScalingUp,1.54,False,0,0,0,0,0,0,0,1
4.889653,1,ScalingUp,1.54,False,0,0,0,0,0,0,0,1
4.89305,1,ScalingUp,1.54,False,0,0,0,0,0,0,0,1
4.896772,1,ScalingUp,1.54,False,0,0,0,0,0,0,0,1
4.899736,1,ScalingUp,1.54,False,0,0,0,0,0,0,0,1
4.902332,1,ScalingUp,1.54,False,0,0,0,0,0,0,0,1
4.904938,1,ScalingUp,1.54,False,0,0,0,0,0,0,0,1
4.907286,1,ScalingUp,1.54,False,0,0,0,0,0,0,0,1
4.909729,1,ScalingUp,1.54,False,0,0,0,0,0,0,0,1
4.91215,1,ScalingUp,1.54,False,0,0,0,0,0,0,0,1
4.914531,1,ScalingUp,1.54,False,0,0,0,0,0,0,0,1
4.917006,1,ScalingUp,1.54,False,0,0,0,0,0,0,0,1
4.919478,1,ScalingUp,1.54,False,0,0,0,0,0,0,0,1
4.922489,1,ScalingUp,1.54,False,0,0,0,0,0,0,0,1
4.939158,1,ScalingUp,1.54,False,0,0,0,0,0,0,0,1
4.959177,1,ScalingUp,1.54,False,0,0,0,0,0,0,0,1
4.98162,1,ScalingUp,1.54,False,0,0,0,0,0,0,0,1
4.997005,1,ScalingUp,1.54,False,0,0,0,0,0,0,0,1
4.999823,1,ScalingUp,1.54,False,0,0,0,0,0,0,0,1
5.002378,1,ScalingUp,1.54,False,0,0,0,0,0,0,0,1
5.005566,1,ScalingUp,1.54,False,0,0,0,0,0,0,0,1
5.008001,1,ScalingUp,1.54,False,0,0,0,0,0,0,0,1
5.010587,1,ScalingUp,1.54,False,0,0,0,0,0,0,0,1
5.012982,1,ScalingUp,1.54,False,0,0,0,0,0,0,0,1
5.015331,1,ScalingUp,1.54,False,0,0,0,0,0,0,0,1
5.018324,1,ScalingUp,1.54,False,0,0,0,0,0,0,0,1
5.020985,1,ScalingUp,1.54,False,0,0,0,0,0,0,0,1
5.023875,1,ScalingUp,1.54,False,0,0,0,0,0,0,0,1
5.026154,1,ScalingUp,1.54,False,0,0,0,0,0,0,0,1
5.028457,1,ScalingUp,1.54,False,0,0,0,0,0,0,0,1
5.030828,1,ScalingUp,1.54,False,0,0,0,0,0,0,0,1
5.033615,1,ScalingUp,1.54,False,0,0,0,0,0,0,0,1
5.036327,1,ScalingUp,1.54,False,0,0,0,0,0,0,0,1
5.038599,1,ScalingUp,1.54,False,0,0,0,0,0,0,0,1
5.040997,1,ScalingUp,1.54,False,0,0,0,0,0,0,0,1
5.043525,1,ScalingUp,1.54,False,0,0,0,0,0,0,0,1
5.045884,1,ScalingUp,1.54,False,0,0,0,0,0,0,0,1
5.048514,1,ScalingUp,1.54,False,0,0,0,0,0,0,0,1
5.051317,1,ScalingUp,1.54,False,0,0,0,0,0,0,0,1
5.054211,1,ScalingUp,1.54,False,0,0,0,0,0,0,0,1
5.056812,1,ScalingUp,1.54,False,0,0,0,0,0,0,0,1
5.059332,1,ScalingUp,1.54,False,0,0,0,0,0,0,0,1
5.061723,1,ScalingUp,1.54,False,0,0,0,0,0,0,0,1
5.064353,1,ScalingUp,1.54,False,0,0,0,0,0,0,0,1
5.066932,1,ScalingUp,1.54,False,0,0,0,0,0,0,0,1
5.069246,1,ScalingUp,1.54,False,0,0,0,0,0,0,0,1
5.071807,1,ScalingUp,1.54,False,0,0,0,0,0,0,0,1
5.074059,1,ScalingUp,1.54,False,0,0,0,0,0,0,0,1
5.076382,1,ScalingUp,1.54,False,0,0,0,0,0,0,0,1
5.078749,1,ScalingUp,1.54,False,0,0,0,0,0,0,0,1
5.081183,1,ScalingUp,1.54,False,0,0,0,0,0,0,0,1
5.084245,1,ScalingUp,1.54,False,0,0,0,0,0,0,0,1
5.086559,1,ScalingUp,1.54,False,0,0,0,0,0,0,0,1
5.088885,1,ScalingUp,1.54,False,0,0,0,0,0,0,0,1
5.091232,1,ScalingUp,1.54,False,0,0,0,0,0,0,0,1
5.093542,1,ScalingUp,1.54,False,0,0,0,0,0,0,0,1
5.096397,1,ScalingUp,1.54,False,0,0,0,0,0,0,0,1
5.099093,1,ScalingUp,1.54,False,0,0,0,0,0,0,0,1
5.101918,1,ScalingUp,1.54,False,0,0,0,0,0,0,0,1
5.104841,1,ScalingUp,1.54,False,0,0,0,0,0,0,0,1
5.107393,1,ScalingUp,1.54,False,0,0,0,0,0,0,0,1
5.10987,1,ScalingUp,1.54,False,0,0,0,0,0,0,0,1
5.125401,1,ScalingUp,1.54,False,0,0,0,0,0,0,0,1
5.129732,1,ScalingUp,1.54,False,0,0,0,0,0,0,0,1
5.133061,1,ScalingUp,1.54,False,0,0,0,0,0,0,0,1
5.135894,1,ScalingUp,1.54,False,0,0,0,0,0,0,0,1
5.139246,1,ScalingUp,1.54,False,0,0,0,0,0,0,0,1
5.141744,1,ScalingUp,1.54,False,0,0,0,0,0,0,0,1
5.144739,1,ScalingUp,1.54,False,0,0,0,0,0,0,0,1
5.14801,1,ScalingUp,1.54,False,0,0,0,0,0,0,0,1
5.166771,1,ScalingUp,1.54,False,0,0,0,0,0,0,0,1
5.170545,1,ScalingUp,1.54,False,0,0,0,0,0,0,0,1
5.186434,1,ScalingUp,1.54,False,0,0,0,0,0,0,0,1
5.190102,1,ScalingUp,1.54,False,0,0,0,0,0,0,0,1
5.19265,1,ScalingUp,1.54,False,0,0,0,0,0,0,0,1
5.195031,1,ScalingUp,1.54,False,0,0,0,0,0,0,0,1
5.197402,1,ScalingUp,1.54,False,0,0,0,0,0,0,0,1
5.199679,1,ScalingUp,1.54,False,0,0,0,0,0,0,0,1
5.201884,1,ScalingUp,1.54,False,0,0,0,0,0,0,0,1
5.20543,1,ScalingUp,1.54,False,0,0,0,0,0,0,0,1
5.207962,1,ScalingUp,1.54,False,0,0,0,0,0,0,0,1
5.210378,1,ScalingUp,1.54,False,0,0,0,0,0,0,0,1
5.212754,1,ScalingUp,1.54,False,0,0,0,0,0,0,0,1
5.215163,1,ScalingUp,1.54,False,0,0,0,0,0,0,0,1
5.217511,1,ScalingUp,1.54,False,0,0,0,0,0,0,0,1
5.220477,1,ScalingUp,1.54,False,0,0,0,0,0,0,0,1
5.223866,1,ScalingUp,1.54,False,0,0,0,0,0,0,0,1
5.239453,1,ScalingUp,1.54,False,0,0,0,0,0,0,0,1
5.242246,1,ScalingUp,1.54,False,0,0,0,0,0,0,0,1
5.244993,1,ScalingUp,1.54,False,0,0,0,0,0,0,0,1
5.247635,1,ScalingUp,1.54,False,0,0,0,0,0,0,0,1
5.250228,1,ScalingUp,1.54,False,0,0,0,0,0,0,0,1
5.253552,1,ScalingUp,1.54,False,0,0,0,0,0,0,0,1
5.256287,1,ScalingUp,1.54,False,0,0,0,0,0,0,0,1
5.258767,1,ScalingUp,1.54,False,0,0,0,0,0,0,0,1
5.261156,1,ScalingUp,1.54,False,0,0,0,0,0,0,0,1
5.276492,1,ScalingUp,1.54,False,0,0,0,0,0,0,0,1
5.279294,1,ScalingUp,1.54,False,0,0,0,0,0,0,0,1
5.282099,1,ScalingUp,1.54,False,0,0,0,0,0,0,0,1
5.285133,1,ScalingUp,1.54,False,0,0,0,0,0,0,0,1
5.287605,1,ScalingUp,1.54,False,0,0,0,0,0,0,0,1
5.290289,1,ScalingUp,1.54,False,0,0,0,0,0,0,0,1
5.292536,1,ScalingUp,1.54,False,0,0,0,0,0,0,0,1
5.294778,1,ScalingUp,1.54,False,0,0,0,0,0,0,0,1
5.298717,1,ScalingUp,1.54,False,0,0,0,0,0,0,0,1
5.30155,1,ScalingUp,1.54,False,0,0,0,0,0,0,0,1
5.304274,1,ScalingUp,1.54,False,0,0,0,0,0,0,0,1
5.306627,1,ScalingUp,1.54,False,0,0,0,0,0,0,0,1
5.309029,1,ScalingUp,1.54,False,0,0,0,0,0,0,0,1
5.311812,1,ScalingUp,1.54,False,0,0,0,0,0,0,0,1
5.314712,1,ScalingUp,1.54,False,0,0,0,0,0,0,0,1
5.31703,1,ScalingUp,1.54,False,0,0,0,0,0,0,0,1
5.319552,1,ScalingUp,1.54,False,0,0,0,0,0,0,0,1
5.32183,1,ScalingUp,1.54,False,0,0,0,0,0,0,0,1
5.324568,1,ScalingUp,1.54,False,0,0,0,0,0,0,0,1
5.327824,1,ScalingUp,1.54,False,0,0,0,0,0,0,0,1
5.330528,1,ScalingUp,1.54,False,0,0,0,0,0,0,0,1
5.332884,1,ScalingUp,1.54,False,0,0,0,0,0,0,0,1
5.335461,1,ScalingUp,1.54,False,0,0,0,0,0,0,0,1
5.338155,1,ScalingUp,1.54,False,0,0,0,0,0,0,0,1
5.340473,1,ScalingUp,1.54,False,0,0,0,0,0,0,0,1
5.344049,1,ScalingUp,1.54,False,0,0,0,0,0,0,0,1
5.346897,1,ScalingUp,1.54,False,0,0,0,0,0,0,0,1
5.349341,1,ScalingUp,1.54,False,0,0,0,0,0,0,0,1
5.351663,1,ScalingUp,1.54,False,0,0,0,0,0,0,0,1
5.353845,1,ScalingUp,1.54,False,0,0,0,0,0,0,0,1
5.359479,1,ScalingUp,1.54,False,0,0,0,0,0,0,0,1
5.362586,1,ScalingUp,1.54,False,0,0,0,0,0,0,0,1
5.367559,1,ScalingUp,1.54,False,0,0,0,0,0,0,0,1
5.370622,1,ScalingUp,1.54,False,0,0,0,0,0,0,0,1
5.374338,1,ScalingUp,1.54,False,0,0,0,0,0,0,0,1
5.377719,1,ScalingUp,1.54,False,0,0,0,0,0,0,0,1
5.380939,1,ScalingUp,1.54,False,0,0,0,0,0,0,0,1
5.385118,1,ScalingUp,1.54,False,0,0,0,0,0,0,0,1
5.388923,1,ScalingUp,1.54,False,0,0,0,0,0,0,0,1
5.392844,1,ScalingUp,1.54,False,0,0,0,0,0,0,0,1
5.396278,1,ScalingUp,1.54,False,0,0,0,0,0,0,0,1
5.399813,1,ScalingUp,1.54,False,0,0,0,0,0,0,0,1
5.403201,1,ScalingUp,1.54,False,0,0,0,0,0,0,0,1
5.406954,1,ScalingUp,1.54,False,0,0,0,0,0,0,0,1
5.410542,1,ScalingUp,1.54,False,0,0,0,0,0,0,0,1
5.413813,1,ScalingUp,1.54,False,0,0,0,0,0,0,0,1
5.43073,1,ScalingUp,1.54,False,0,0,0,0,0,0,0,1
5.434547,1,ScalingUp,1.54,False,0,0,0,0,0,0,0,1
5.438171,1,ScalingUp,1.54,False,0,0,0,0,0,0,0,1
5.441678,1,ScalingUp,1.54,False,0,0,0,0,0,0,0,1
5.444973,1,ScalingUp,1.54,False,0,0,0,0,0,0,0,1
5.448502,1,ScalingUp,1.54,False,0,0,0,0,0,0,0,1
5.452309,1,ScalingUp,1.54,False,0,0,0,0,0,0,0,1
5.455918,1,ScalingUp,1.54,False,0,0,0,0,0,0,0,1
5.459707,1,ScalingUp,1.54,False,0,0,0,0,0,0,0,1
5.462854,1,ScalingUp,1.54,False,0,0,0,0,0,0,0,1
5.466553,1,ScalingUp,1.54,False,0,0,0,0,0,0,0,1
5.470701,1,ScalingUp,1.54,False,0,0,0,0,0,0,0,1
5.474799,1,ScalingUp,1.54,False,0,0,0,0,0,0,0,1
5.478047,1,ScalingUp,1.54,False,0,0,0,0,0,0,0,1
5.481455,1,ScalingUp,1.54,False,0,0,0,0,0,0,0,1
5.485012,1,ScalingUp,1.54,False,0,0,0,0,0,0,0,1
5.488896,1,ScalingUp,1.54,False,0,0,0,0,0,0,0,1
5.492035,1,ScalingUp,1.54,False,0,0,0,0,0,0,0,1
5.495619,1,ScalingUp,1.54,False,0,0,0,0,0,0,0,1
5.499003,1,ScalingUp,1.54,False,0,0,0,0,0,0,0,1
5.502983,1,ScalingUp,1.54,False,0,0,0,0,0,0,0,1
5.506714,1,ScalingUp,1.54,False,0,0,0,0,0,0,0,1
5.509933,1,ScalingUp,1.54,False,0,0,0,0,0,0,0,1
5.513196,1,ScalingUp,1.54,False,0,0,0,0,0,0,0,1
5.516745,1,ScalingUp,1.54,False,0,0,0,0,0,0,0,1
5.520157,1,ScalingUp,1.54,False,0,0,0,0,0,0,0,1
5.523707,1,ScalingUp,1.54,False,0,0,0,0,0,0,0,1
5.527747,1,ScalingUp,1.54,False,0,0,0,0,0,0,0,1
5.531855,1,ScalingUp,1.54,False,0,0,0,0,0,0,0,1
5.53513,1,ScalingUp,1.54,False,0,0,0,0,0,0,0,1
5.538648,1,ScalingUp,1.54,False,0,0,0,0,0,0,0,1
5.541871,1,ScalingUp,1.54,False,0,0,0,0,0,0,0,1
5.545863,1,ScalingUp,1.54,False,0,0,0,0,0,0,0,1
5.550176,1,ScalingUp,1.54,False,0,0,0,0,0,0,0,1
5.553698,1,ScalingUp,1.54,False,0,0,0,0,0,0,0,1
5.557078,1,ScalingUp,1.54,False,0,0,0,0,0,0,0,1
5.560371,1,ScalingUp,1.54,False,0,0,0,0,0,0,0,1
5.564932,1,ScalingUp,1.54,False,0,0,0,0,0,0,0,1
5.581735,1,ScalingUp,1.54,False,0,0,0,0,0,0,0,1
5.585781,1,ScalingUp,1.54,False,0,0,0,0,0,0,0,1
5.589204,1,ScalingUp,1.54,False,0,0,0,0,0,0,0,1
5.594928,1,ScalingUp,1.54,False,0,0,0,0,0,0,0,1
5.598632,1,ScalingUp,1.54,False,0,0,0,0,0,0,0,1
5.601915,1,ScalingUp,1.54,False,0,0,0,0,0,0,0,1
5.605404,1,ScalingUp,1.54,False,0,0,0,0,0,0,0,1
5.609543,1,ScalingUp,1.54,False,0,0,0,0,0,0,0,1
5.613471,1,ScalingUp,1.54,False,0,0,0,0,0,0,0,1
5.617418,1,ScalingUp,1.54,False,0,0,0,0,0,0,0,1
5.620711,1,ScalingUp,1.54,False,0,0,0,0,0,0,0,1
5.627619,1,ScalingUp,1.54,False,0,0,0,0,0,0,0,1
5.630342,1,ScalingUp,1.54,False,0,0,0,0,0,0,0,1
5.633053,1,ScalingUp,1.54,False,0,0,0,0,0,0,0,1
5.636515,1,ScalingUp,1.54,False,0,0,0,0,0,0,0,1
5.639738,1,ScalingUp,1.54,False,0,0,0,0,0,0,0,1
5.643146,1,ScalingUp,1.54,False,0,0,0,0,0,0,0,1
5.646695,1,ScalingUp,1.54,False,0,0,0,0,0,0,0,1
5.64982,1,ScalingUp,1.54,False,0,0,0,0,0,0,0,1
5.653178,1,ScalingUp,1.54,False,0,0,0,0,0,0,0,1
5.656943,1,ScalingUp,1.54,False,0,0,0,0,0,0,0,1
5.660551,1,ScalingUp,1.54,False,0,0,0,0,0,0,0,1
5.663964,1,ScalingUp,1.54,False,0,0,0,0,0,0,0,1
5.667371,1,ScalingUp,1.54,False,0,0,0,0,0,0,0,1
5.672818,1,ScalingUp,1.54,False,0,0,0,0,0,0,0,1
5.676125,1,ScalingUp,1.54,False,0,0,0,0,0,0,0,1
5.679387,1,ScalingUp,1.54,False,0,0,0,0,0,0,0,1
5.682436,1,ScalingUp,1.54,False,0,0,0,0,0,0,0,1
5.685939,1,ScalingUp,1.54,False,0,0,0,0,0,0,0,1
5.69071,1,ScalingUp,1.54,False,0,0,0,0,0,0,0,1
5.694336,1,ScalingUp,1.54,False,0,0,0,0,0,0,0,1
5.697661,1,ScalingUp,1.54,False,0,0,0,0,0,0,0,1
5.701327,1,ScalingUp,1.54,False,0,0,0,0,0,0,0,1
5.704885,1,ScalingUp,1.54,False,0,0,0,0,0,0,0,1
5.708166,1,ScalingUp,1.54,False,0,0,0,0,0,0,0,1
5.711311,1,ScalingUp,1.54,False,0,0,0,0,0,0,0,1
5.714649,1,ScalingUp,1.54,False,0,0,0,0,0,0,0,1
5.719028,1,ScalingUp,1.54,False,0,0,0,0,0,0,0,1
5.735194,1,ScalingUp,1.54,False,0,0,0,0,0,0,0,1
5.738962,1,ScalingUp,1.54,False,0,0,0,0,0,0,0,1
5.741952,1,ScalingUp,1.54,False,0,0,0,0,0,0,0,1
5.745754,1,ScalingUp,1.54,False,0,0,0,0,0,0,0,1
5.748897,1,ScalingUp,1.54,False,0,0,0,0,0,0,0,1
5.75218,1,ScalingUp,1.54,False,0,0,0,0,0,0,0,1
5.754732,1,ScalingUp,1.54,False,0,0,0,0,0,0,0,1
5.757176,1,ScalingUp,1.54,False,0,0,0,0,0,0,0,1
5.760383,1,ScalingUp,1.54,False,0,0,0,0,0,0,0,1
5.763909,1,ScalingUp,1.54,False,0,0,0,0,0,0,0,1
5.767044,1,ScalingUp,1.54,False,0,0,0,0,0,0,0,1
5.769549,1,ScalingUp,1.54,False,0,0,0,0,0,0,0,1
5.772002,1,ScalingUp,1.54,False,0,0,0,0,0,0,0,1
5.774725,1,ScalingUp,1.54,False,0,0,0,0,0,0,0,1
5.777286,1,ScalingUp,1.54,False,0,0,0,0,0,0,0,1
5.780617,1,ScalingUp,1.54,False,0,0,0,0,0,0,0,1
5.783491,1,ScalingUp,1.54,False,0,0,0,0,0,0,0,1
5.78829,1,ScalingUp,1.54,False,0,0,0,0,0,0,0,1
5.791764,1,ScalingUp,1.54,False,0,0,0,0,0,0,0,1
5.794306,1,ScalingUp,1.54,False,0,0,0,0,0,0,0,1
5.796829,1,ScalingUp,1.54,False,0,0,0,0,0,0,0,1
5.799443,1,ScalingUp,1.54,False,0,0,0,0,0,0,0,1
5.801875,1,ScalingUp,1.54,False,0,0,0,0,0,0,0,1
5.804617,1,ScalingUp,1.54,False,0,0,0,0,0,0,0,1
5.807186,1,ScalingUp,1.54,False,0,0,0,0,0,0,0,1
5.810189,1,ScalingUp,1.54,False,0,0,0,0,0,0,0,1
5.813725,1,ScalingUp,1.54,False,0,0,0,0,0,0,0,1
5.816501,1,ScalingUp,1.54,False,0,0,0,0,0,0,0,1
5.818872,1,ScalingUp,1.54,False,0,0,0,0,0,0,0,1
5.821375,1,ScalingUp,1.54,False,0,0,0,0,0,0,0,1
5.824279,1,ScalingUp,1.54,False,0,0,0,0,0,0,0,1
5.827497,1,ScalingUp,1.54,False,0,0,0,0,0,0,0,1
5.830516,1,ScalingUp,1.54,False,0,0,0,0,0,0,0,1
5.833398,1,ScalingUp,1.54,False,0,0,0,0,0,0,0,1
5.836097,1,ScalingUp,1.54,False,0,0,0,0,0,0,0,1
5.838513,1,ScalingUp,1.54,False,0,0,0,0,0,0,0,1
5.8411,1,ScalingUp,1.54,False,0,0,0,0,0,0,0,1
5.844006,1,ScalingUp,1.54,False,0,0,0,0,0,0,0,1
5.846511,1,ScalingUp,1.54,False,0,0,0,0,0,0,0,1
5.848928,1,ScalingUp,1.54,False,0,0,0,0,0,0,0,1
5.851204,1,ScalingUp,1.54,False,0,0,0,0,0,0,0,1
5.853621,1,ScalingUp,1.54,False,0,0,0,0,0,0,0,1
5.85619,1,ScalingUp,1.54,False,0,0,0,0,0,0,0,1
5.858816,1,ScalingUp,1.54,False,0,0,0,0,0,0,0,1
5.861168,1,ScalingUp,1.54,False,0,0,0,0,0,0,0,1
5.863703,1,ScalingUp,1.54,False,0,0,0,0,0,0,0,1
5.866121,1,ScalingUp,1.54,False,0,0,0,0,0,0,0,1
5.868387,1,ScalingUp,1.54,False,0,0,0,0,0,0,0,1
5.870724,1,ScalingUp,1.54,False,0,0,0,0,0,0,0,1
5.890066,1,ScalingUp,1.54,False,0,0,0,0,0,0,0,1
5.893426,1,ScalingUp,1.54,False,0,0,0,0,0,0,0,1
5.896268,1,ScalingUp,1.54,False,0,0,0,0,0,0,0,1
5.898639,1,ScalingUp,1.54,False,0,0,0,0,0,0,0,1
5.901748,1,ScalingUp,1.54,False,0,0,0,0,0,0,0,1
5.90486,1,ScalingUp,1.54,False,0,0,0,0,0,0,0,1
5.907778,1,ScalingUp,1.54,False,0,0,0,0,0,0,0,1
5.910317,1,ScalingUp,1.54,False,0,0,0,0,0,0,0,1
5.913263,1,ScalingUp,1.54,False,0,0,0,0,0,0,0,1
5.916189,1,ScalingUp,1.54,False,0,0,0,0,0,0,0,1
5.920677,1,ScalingUp,1.54,False,0,0,0,0,0,0,0,1
5.924051,1,ScalingUp,1.54,False,0,0,0,0,0,0,0,1
5.926949,1,ScalingUp,1.54,False,0,0,0,0,0,0,0,1
5.929809,1,ScalingUp,1.54,False,0,0,0,0,0,0,0,1
5.932739,1,ScalingUp,1.54,False,0,0,0,0,0,0,0,1
5.935933,1,ScalingUp,1.54,False,0,0,0,0,0,0,0,1
5.938746,1,ScalingUp,1.54,False,0,0,0,0,0,0,0,1
5.941247,1,ScalingUp,1.54,False,0,0,0,0,0,0,0,1
5.944042,1,ScalingUp,1.54,False,0,0,0,0,0,0,0,1
5.946946,1,ScalingUp,1.54,False,0,0,0,0,0,0,0,1
5.949424,1,ScalingUp,1.54,False,0,0,0,0,0,0,0,1
5.952485,1,ScalingUp,1.54,False,0,0,0,0,0,0,0,1
5.955134,1,ScalingUp,1.54,False,0,0,0,0,0,0,0,1
5.958062,1,ScalingUp,1.54,False,0,0,0,0,0,0,0,1
5.960771,1,ScalingUp,1.54,False,0,0,0,0,0,0,0,1
5.963778,1,ScalingUp,1.54,False,0,0,0,0,0,0,0,1
5.96727,1,ScalingUp,1.54,False,0,0,0,0,0,0,0,1
5.970082,1,ScalingUp,1.54,False,0,0,0,0,0,0,0,1
5.973041,1,ScalingUp,1.54,False,0,0,0,0,0,0,0,1
5.975729,1,ScalingUp,1.54,False,0,0,0,0,0,0,0,1
5.978105,1,ScalingUp,1.54,False,0,0,0,0,0,0,0,1
5.981915,1,ScalingUp,1.54,False,0,0,0,0,0,0,0,1
5.98483,1,ScalingUp,1.54,False,0,0,0,0,0,0,0,1
5.987402,1,ScalingUp,1.54,False,0,0,0,0,0,0,0,1
5.989865,1,ScalingUp,1.54,False,0,0,0,0,0,0,0,1
5.992522,1,ScalingUp,1.54,False,0,0,0,0,0,0,0,1
5.994926,1,ScalingUp,1.54,False,0,0,0,0,0,0,0,1
5.999379,1,ScalingUp,1.54,False,0,0,0,0,0,0,0,1
6.00203,1,ScalingUp,1.54,False,0,0,0,0,0,0,0,1
6.004836,1,ScalingUp,1.54,False,0,0,0,0,0,0,0,1
6.007792,1,ScalingUp,1.54,False,0,0,0,0,0,0,0,1
6.010309,1,ScalingUp,1.54,False,0,0,0,0,0,0,0,1
6.012887,1,ScalingUp,1.54,False,0,0,0,0,0,0,0,1
6.015666,1,ScalingUp,1.54,False,0,0,0,0,0,0,0,1
6.01822,1,ScalingUp,1.54,False,0,0,0,0,0,0,0,1
6.020585,1,ScalingUp,1.54,False,0,0,0,0,0,0,0,1
6.023417,1,ScalingUp,1.54,False,0,0,0,0,0,0,0,1
6.038892,1,ScalingUp,1.54,False,0,0,0,0,0,0,0,1
6.041749,1,ScalingUp,1.54,False,0,0,0,0,0,0,0,1
6.044949,1,ScalingUp,1.54,False,0,0,0,0,0,0,0,1
6.047723,1,ScalingUp,1.54,False,0,0,0,0,0,0,0,1
6.050115,1,ScalingUp,1.54,False,0,0,0,0,0,0,0,1
6.052435,1,ScalingUp,1.54,False,0,0,0,0,0,0,0,1
6.054855,1,ScalingUp,1.54,False,0,0,0,0,0,0,0,1
6.057145,1,ScalingUp,1.54,False,0,0,0,0,0,0,0,1
6.059887,1,ScalingUp,1.54,False,0,0,0,0,0,0,0,1
6.062395,1,ScalingUp,1.54,False,0,0,0,0,0,0,0,1
6.065245,1,ScalingUp,1.54,False,0,0,0,0,0,0,0,1
6.067585,1,ScalingUp,1.54,False,0,0,0,0,0,0,0,1
6.0699,1,ScalingUp,1.54,False,0,0,0,0,0,0,0,1
6.074607,1,ScalingUp,1.54,False,0,0,0,0,0,0,0,1
6.078414,1,ScalingUp,1.54,False,0,0,0,0,0,0,0,1
6.081105,1,ScalingUp,1.54,False,0,0,0,0,0,0,0,1
6.08408,1,ScalingUp,1.54,False,0,0,0,0,0,0,0,1
6.086532,1,ScalingUp,1.54,False,0,0,0,0,0,0,0,1
6.090213,1,ScalingUp,1.54,False,0,0,0,0,0,0,0,1
6.09319,1,ScalingUp,1.54,False,0,0,0,0,0,0,0,1
6.096244,1,ScalingUp,1.54,False,0,0,0,0,0,0,0,1
6.098895,1,ScalingUp,1.54,False,0,0,0,0,0,0,0,1
6.101355,1,ScalingUp,1.54,False,0,0,0,0,0,0,0,1
6.104109,1,ScalingUp,1.54,False,0,0,0,0,0,0,0,1
6.10812,1,ScalingUp,1.54,False,0,0,0,0,0,0,0,1
6.110753,1,ScalingUp,1.54,False,0,0,0,0,0,0,0,1
6.114253,1,ScalingUp,1.54,False,0,0,0,0,0,0,0,1
6.117487,1,ScalingUp,1.54,False,0,0,0,0,0,0,0,1
6.120181,1,ScalingUp,1.54,False,0,0,0,0,0,0,0,1
6.122839,1,ScalingUp,1.54,False,0,0,0,0,0,0,0,1
6.125748,1,ScalingUp,1.54,False,0,0,0,0,0,0,0,1
6.128197,1,ScalingUp,1.54,False,0,0,0,0,0,0,0,1
6.130534,1,ScalingUp,1.54,False,0,0,0,0,0,0,0,1
6.132943,1,ScalingUp,1.54,False,0,0,0,0,0,0,0,1
6.138839,1,ScalingUp,1.54,False,0,0,0,0,0,0,0,1
6.141693,1,ScalingUp,1.54,False,0,0,0,0,0,0,0,1
6.145134,1,ScalingUp,1.54,False,0,0,0,0,0,0,0,1
6.147867,1,ScalingUp,1.54,False,0,0,0,0,0,0,0,1
6.151602,1,ScalingUp,1.54,False,0,0,0,0,0,0,0,1
6.154672,1,ScalingUp,1.54,False,0,0,0,0,0,0,0,1
6.157286,1,ScalingUp,1.54,False,0,0,0,0,0,0,0,1
6.159635,1,ScalingUp,1.54,False,0,0,0,0,0,0,0,1
6.162006,1,ScalingUp,1.54,False,0,0,0,0,0,0,0,1
6.164763,1,ScalingUp,1.54,False,0,0,0,0,0,0,0,1
6.167899,1,ScalingUp,1.54,False,0,0,0,0,0,0,0,1
6.170316,1,ScalingUp,1.54,False,0,0,0,0,0,0,0,1
6.172719,1,ScalingUp,1.54,False,0,0,0,0,0,0,0,1
6.175195,1,ScalingUp,1.54,False,0,0,0,0,0,0,0,1
6.192401,1,ScalingUp,1.54,False,0,0,0,0,0,0,0,1
